model_id,mean reward,std
2000,576.6771159874432,294.2319749216284
2100,768.087774294652,128.27586206896495
2200,868.1504702194155,24.576802507838465
