model_id,mean reward,std
2000,369.15360501565715,83.57366771159732
2100,778.3072100313289,107.14733542319726
2200,871.3479623824251,0.4388714733522079
2900,383.57366771158894,50.97178683386005
