model_id,mean reward,std
2900,692.7272727272549,156.36363636363455
