model_id,mean reward,std
2700,837.993730407504,3.824451410659549
2800,806.144200626939,28.401253918495854
2900,805.2037617554654,7.021943573666761
